trial,FINCH_ACC,FINCH_NMI,FINCH_Num_Clusters,KMeans_ACC,KMeans_NMI,KMeans_Num_Clusters
0,0.59825,0.7528119686561898,36.0,0.55875,0.6910542278390391,40.0
1,0.61475,0.7393488711702352,39.0,0.57075,0.6794774120975848,40.0
2,0.59275,0.7501761026463012,41.0,0.5755,0.6861944169083035,40.0
3,0.6625,0.783710263398741,50.0,0.6385,0.7229322260509479,40.0
4,0.5755,0.7188525357853391,41.0,0.536,0.6569389050432284,40.0
Average,0.60875,0.7489799483313614,41.4,0.5759000000000001,0.6873194375878207,40.0
