trial,FINCH_ACC,FINCH_NMI,FINCH_Num_Clusters,KMeans_ACC,KMeans_NMI,KMeans_Num_Clusters
0,0.7375,0.8360335837596544,22.0,0.667,0.7541502559222857,20.0
1,0.6765,0.8078224262859005,29.0,0.721,0.7878618614887618,20.0
2,0.792,0.8664151062931953,26.0,0.702,0.8074286005850815,20.0
3,0.8205,0.8549106966888376,23.0,0.7385,0.8045056503284175,20.0
4,0.6755,0.7816084283880168,23.0,0.6685,0.7494372675903913,20.0
Average,0.7404000000000001,0.829358048283121,24.6,0.6994,0.7806767271829875,20.0
