trial,FINCH_ACC,FINCH_NMI,FINCH_Num_Clusters,KMeans_ACC,KMeans_NMI,KMeans_Num_Clusters
0,0.683,0.83570157854757,47.0,0.6553333333333333,0.7721434759601734,30.0
1,0.627,0.7930063139756816,37.0,0.6173333333333333,0.7210103473203037,30.0
2,0.6856666666666666,0.7991941489111726,35.0,0.6496666666666666,0.7365641903155266,30.0
3,0.61,0.7390820790199666,35.0,0.5713333333333334,0.673461801195054,30.0
4,0.7053333333333334,0.8149064992800389,37.0,0.698,0.7665813068289372,30.0
Average,0.6622,0.7963781239468859,38.2,0.6383333333333333,0.733952224323999,30.0
