trial,FINCH_ACC,FINCH_NMI,FINCH_Num_Clusters,KMeans_ACC,KMeans_NMI,KMeans_Num_Clusters
0,0.775,0.8505687964775919,13.0,0.75,0.8053112474134194,10.0
1,0.744,0.8514071584497392,18.0,0.707,0.7447358744443113,10.0
2,0.792,0.836634213317309,10.0,0.752,0.7880282908055752,10.0
3,0.727,0.8165907936961341,16.0,0.734,0.7715646453671726,10.0
4,0.693,0.8149193651508121,19.0,0.761,0.8154688203564684,10.0
Average,0.7462,0.8340240654183173,15.2,0.7407999999999999,0.7850217756773894,10.0
