trial,FINCH_ACC,FINCH_NMI,FINCH_Num_Clusters,KMeans_ACC,KMeans_NMI,KMeans_Num_Clusters
0,0.561,0.7365041096204867,39.0,0.53475,0.6816462880361165,40.0
1,0.57675,0.7191246461063092,44.0,0.55175,0.6637259353708279,40.0
2,0.58025,0.7389700587977754,44.0,0.542,0.6681442799068203,40.0
3,0.57525,0.7288515846494596,39.0,0.511,0.6585381738641477,40.0
4,0.55025,0.6943512179528659,50.0,0.5365,0.6326679814025803,40.0
Average,0.5687,0.7235603234253795,43.2,0.5352,0.6609445317160985,40.0
