trial,FINCH_ACC,FINCH_NMI,FINCH_Num_Clusters,KMeans_ACC,KMeans_NMI,KMeans_Num_Clusters
0,0.6685,0.7854051617088532,26.0,0.69,0.7519339923078691,20.0
1,0.6845,0.7910880296895445,27.0,0.7015,0.7289008257598554,20.0
2,0.778,0.872286275688534,26.0,0.7345,0.7917728271016188,20.0
3,0.7995,0.8627258270538342,25.0,0.7675,0.8203580247619842,20.0
4,0.6575,0.7968123580659143,21.0,0.7,0.7535248578298861,20.0
Average,0.7176,0.821663530441336,25.0,0.7186999999999999,0.7692981055522428,20.0
