trial,FINCH_ACC,FINCH_NMI,FINCH_Num_Clusters,KMeans_ACC,KMeans_NMI,KMeans_Num_Clusters
0,0.57775,0.7463149097441976,38.0,0.5325,0.6722825933395078,40.0
1,0.563,0.7128436157465001,38.0,0.5865,0.6642356567349929,40.0
2,0.5,0.6873167950559282,45.0,0.50175,0.6156372904715712,40.0
3,0.58625,0.7456720484446485,41.0,0.56475,0.6787996291382088,40.0
4,0.48,0.6579940326784285,34.0,0.45125,0.5915592836074931,40.0
Average,0.5414,0.7100282803339406,39.2,0.52735,0.6445028906583548,40.0
