trial,FINCH_ACC,FINCH_NMI,FINCH_Num_Clusters,KMeans_ACC,KMeans_NMI,KMeans_Num_Clusters
0,0.7173333333333334,0.8266533727030136,31.0,0.66,0.7720135135098343,30.0
1,0.603,0.7655549785465787,36.0,0.587,0.6829899128660325,30.0
2,0.703,0.8016575899137439,39.0,0.6586666666666666,0.7392623917018452,30.0
3,0.65,0.7711572551763205,38.0,0.5843333333333334,0.6722794746769222,30.0
4,0.6986666666666667,0.7982718113268382,34.0,0.63,0.7089593733373376,30.0
Average,0.6744,0.792659001533299,35.6,0.6239999999999999,0.7151009332183944,30.0
