trial,FINCH_ACC,FINCH_NMI,FINCH_Num_Clusters,KMeans_ACC,KMeans_NMI,KMeans_Num_Clusters
0,0.808,0.8566460780167982,11.0,0.85,0.8558703474547206,10.0
1,0.778,0.8976793231324687,13.0,0.921,0.9037461347320238,10.0
2,0.717,0.8445680268922366,10.0,0.861,0.8792785596631875,10.0
3,0.775,0.881303921275633,10.0,0.825,0.8575439504989573,10.0
4,0.824,0.8929942889217245,14.0,0.631,0.7590809239874414,10.0
Average,0.7804,0.8746383276477723,11.6,0.8176,0.851103983267266,10.0
